,max_attempts,pop_size,mutation_prob,train_accuracy,test_accuracy,train_time
0,10,10,0.1,0.8197802197802198,0.8596491228070176,0.3321671485900879
1,10,10,0.3,0.8769230769230769,0.868421052631579,0.21628093719482422
2,10,50,0.1,0.9010989010989011,0.9210526315789473,2.198125123977661
3,10,50,0.3,0.9208791208791208,0.9298245614035088,1.7079269886016846
4,50,10,0.1,0.8461538461538461,0.9298245614035088,0.5874381065368652
5,50,10,0.3,0.8791208791208791,0.8771929824561403,1.593242883682251
6,50,50,0.1,0.8989010989010989,0.9210526315789473,2.987778902053833
7,50,50,0.3,0.9252747252747253,0.956140350877193,4.7605719566345215
