,max_attempts,init_temp,min_temp,train_accuracy,test_accuracy,train_time
0,50,1,0.01,0.8351648351648352,0.7982456140350878,15.309555053710938
1,50,1,0.1,0.08571428571428572,0.07894736842105263,15.53912091255188
2,50,5,0.01,0.8813186813186813,0.9122807017543859,15.095832824707031
3,50,5,0.1,0.3252747252747253,0.30701754385964913,15.433320045471191
4,100,1,0.01,0.45494505494505494,0.5087719298245614,15.202666997909546
5,100,1,0.1,0.37142857142857144,0.39473684210526316,15.250618934631348
6,100,5,0.01,0.5186813186813187,0.5175438596491229,15.293425798416138
7,100,5,0.1,0.34945054945054943,0.3684210526315789,15.259484052658081
